job_id,title,company,career,education,location,salary,job_category,skills,posted_at,due_date,summary,url,scraped_at
52242444,패널딥데이터센터 데이터사이언스팀데이터 분석가(신입/경력),(주)마크로밀엠브레인,신입·경력,대졸↑,서울서초구 신입·경력 대졸↑ 정규직,서울서초구 | 신입·경력 | 대졸↑ | 정규직,"데이터엔지니어, 데이터분석가, 데이터시각화, 데이터마이닝, 데이터라벨링","데이터엔지니어, 데이터분석가, 데이터시각화, 데이터마이닝, 데이터라벨링",~ 12/06(토),입사지원,"(주)마크로밀엠브레인, 패널딥데이터센터 데이터사이언스팀 데이터 분석가(신입/경력), 경력:신입/경력, 학력:대학교졸업(4년)이상, 면접 후 결정, 마감일:2025-12-06, 홈페이지:www.embrain.com",https://www.saramin.co.kr/zf_user/jobs/relay/view?view_type=search&rec_idx=52242444&location=ts&searchword=%EB%8D%B0%EC%9D%B4%ED%84%B0+%EB%B6%84%EC%84%9D%EA%B0%80&searchType=search&paid_fl=n&search_uuid=0a9ce219-cc76-439b-addc-b76a99650aa5,2025-11-11T06:47:20.629388
52155472,데이터 분석가신입 채용,파워메카(주),신입,대졸↑,"서울금천구 신입 대졸↑ 정규직 3,200 만원","서울금천구 | 신입 | 대졸↑ | 정규직 | 3,200 만원","데이터엔지니어, 데이터분석가, 데이터시각화, 데이터마이닝, 빅데이터","데이터엔지니어, 데이터분석가, 데이터시각화, 데이터마이닝, 빅데이터",~ 11/27(목),입사지원,"파워메카(주), 데이터 분석가 신입 채용, 경력:신입, 학력:대학교졸업(4년)이상, 연봉:3,200 만원, 마감일:2025-11-27, 홈페이지:",https://www.saramin.co.kr/zf_user/jobs/relay/view?view_type=search&rec_idx=52155472&location=ts&searchword=%EB%8D%B0%EC%9D%B4%ED%84%B0+%EB%B6%84%EC%84%9D%EA%B0%80&searchType=search&paid_fl=n&search_uuid=0a9ce219-cc76-439b-addc-b76a99650aa5,2025-11-11T06:47:20.632222
52176392,[쿠팡] 카탈로그 운영데이터 분석가,쿠팡(주),경력3년↑,대졸↑,서울송파구 경력3년↑ 대졸↑ 정규직,서울송파구 | 경력3년↑ | 대졸↑ | 정규직,"데이터분석가, 데이터시각화, 데이터라벨링, 데이터분석, SQL","데이터분석가, 데이터시각화, 데이터라벨링, 데이터분석, SQL",~ 11/29(토),홈페이지 지원,"쿠팡(주), [쿠팡] 카탈로그 운영 데이터 분석가, 경력:경력 3년 이상, 학력:대학교졸업(4년)이상, 면접 후 결정, 마감일:2025-11-29, 홈페이지:www.coupang.com",https://www.saramin.co.kr/zf_user/jobs/relay/view?view_type=search&rec_idx=52176392&location=ts&searchword=%EB%8D%B0%EC%9D%B4%ED%84%B0+%EB%B6%84%EC%84%9D%EA%B0%80&searchType=search&paid_fl=n&search_uuid=0a9ce219-cc76-439b-addc-b76a99650aa5,2025-11-11T06:47:20.634944
52180180,자동차데이터 분석가모집,(주)나무플래닛,경력무관,학력무관,서울송파구 경력무관 학력무관 정규직·프리랜서,서울송파구 | 경력무관 | 학력무관 | 정규직·프리랜서,"데이터분석가, SI·시스템통합, OLAP, 솔루션업체, 소프트웨어개발","데이터분석가, SI·시스템통합, OLAP, 솔루션업체, 소프트웨어개발",~ 11/29(토),입사지원,"(주)나무플래닛, 자동차 데이터 분석가 모집, 경력:경력무관, 학력:학력무관, 면접 후 결정, 마감일:2025-11-29, 홈페이지:www.namuplanet.com/",https://www.saramin.co.kr/zf_user/jobs/relay/view?view_type=search&rec_idx=52180180&location=ts&searchword=%EB%8D%B0%EC%9D%B4%ED%84%B0+%EB%B6%84%EC%84%9D%EA%B0%80&searchType=search&paid_fl=n&search_uuid=0a9ce219-cc76-439b-addc-b76a99650aa5,2025-11-11T06:47:20.637527
52067450,[미리디] 재무/회계데이터 분석가(Financial/Accounting Data),(주)미리디,경력 1~5년,학력무관,서울구로구 경력 1~5년 학력무관 정규직,서울구로구 | 경력 1~5년 | 학력무관 | 정규직,"데이터분석가, 데이터분석, 소프트웨어개발","데이터분석가, 데이터분석, 소프트웨어개발",~ 12/16(화),홈페이지 지원,"(주)미리디, [미리디] 재무/회계 데이터 분석가 (Financial/Accounting Data), 경력:경력 1~5년, 학력:학력무관, 면접 후 결정, 마감일:2025-12-16, 홈페이지:www.miridih.com/",https://www.saramin.co.kr/zf_user/jobs/relay/view?view_type=search&rec_idx=52067450&location=ts&searchword=%EB%8D%B0%EC%9D%B4%ED%84%B0+%EB%B6%84%EC%84%9D%EA%B0%80&searchType=search&paid_fl=n&search_uuid=0a9ce219-cc76-439b-addc-b76a99650aa5,2025-11-11T06:47:20.640156
52128902,[미리디]데이터 분석가,(주)미리디,경력 3~7년,학력무관,서울구로구 경력 3~7년 학력무관 정규직,서울구로구 | 경력 3~7년 | 학력무관 | 정규직,"데이터분석가, 데이터분석, 소프트웨어개발","데이터분석가, 데이터분석, 소프트웨어개발",~ 12/23(화),홈페이지 지원,"(주)미리디, [미리디] 데이터 분석가, 경력:경력 3~7년, 학력:학력무관, 면접 후 결정, 마감일:2025-12-23, 홈페이지:www.miridih.com/",https://www.saramin.co.kr/zf_user/jobs/relay/view?view_type=search&rec_idx=52128902&location=ts&searchword=%EB%8D%B0%EC%9D%B4%ED%84%B0+%EB%B6%84%EC%84%9D%EA%B0%80&searchType=search&paid_fl=n&search_uuid=0a9ce219-cc76-439b-addc-b76a99650aa5,2025-11-11T06:47:20.642664
52133514,데이터 분석가(경력),(주)더블유게임즈,경력5년↑,학력무관,서울강남구 경력5년↑ 학력무관 정규직,서울강남구 | 경력5년↑ | 학력무관 | 정규직,"데이터엔지니어, 데이터분석가, 데이터시각화, 데이터마이닝, 데이터 사이언티스트","데이터엔지니어, 데이터분석가, 데이터시각화, 데이터마이닝, 데이터 사이언티스트",~ 12/23(화),입사지원,"(주)더블유게임즈, 데이터 분석가 (경력), 경력:경력 5년 이상, 학력:학력무관, 면접 후 결정, 마감일:2025-12-23, 홈페이지:https://www.doubleugames.com/main/main.html?",https://www.saramin.co.kr/zf_user/jobs/relay/view?view_type=search&rec_idx=52133514&location=ts&searchword=%EB%8D%B0%EC%9D%B4%ED%84%B0+%EB%B6%84%EC%84%9D%EA%B0%80&searchType=search&paid_fl=n&search_uuid=0a9ce219-cc76-439b-addc-b76a99650aa5,2025-11-11T06:47:20.645402
52269112,[PTKOREA]데이터 분석가,펑타이그레이터차이나(유),경력 3~7년,대졸↑,서울강남구 경력 3~7년 대졸↑ 정규직,서울강남구 | 경력 3~7년 | 대졸↑ | 정규직,"데이터분석가, 광고대행사","데이터분석가, 광고대행사",~ 11/30(일),홈페이지 지원,"펑타이그레이터차이나(유), [PTKOREA] 데이터 분석가, 경력:경력 3~7년, 학력:대학교졸업(4년)이상, 면접 후 결정, 마감일:2025-11-30, 홈페이지:www.pt-korea.com",https://www.saramin.co.kr/zf_user/jobs/relay/view?view_type=search&rec_idx=52269112&location=ts&searchword=%EB%8D%B0%EC%9D%B4%ED%84%B0+%EB%B6%84%EC%84%9D%EA%B0%80&searchType=search&paid_fl=n&search_uuid=0a9ce219-cc76-439b-addc-b76a99650aa5,2025-11-11T06:47:20.647931
52100680,게임데이터 분석가,(주)게임듀오,경력 1~5년,학력무관,경기성남시 분당구 경력 1~5년 학력무관 정규직,경기성남시 분당구 | 경력 1~5년 | 학력무관 | 정규직,"데이터분석가, 데이터분석, 게임개발","데이터분석가, 데이터분석, 게임개발",상시채용,입사지원,"(주)게임듀오, 게임 데이터 분석가, 경력:경력 1~5년, 학력:학력무관, 면접 후 결정, 마감일:상시채용, 홈페이지:https://gameduo.career.greetinghr.com/",https://www.saramin.co.kr/zf_user/jobs/relay/view?view_type=search&rec_idx=52100680&location=ts&searchword=%EB%8D%B0%EC%9D%B4%ED%84%B0+%EB%B6%84%EC%84%9D%EA%B0%80&searchType=search&paid_fl=n&search_uuid=0a9ce219-cc76-439b-addc-b76a99650aa5,2025-11-11T06:47:20.650474
51877845,데이터 분석가(경력),(주)더블다운인터액티브,경력3년↑,학력무관,서울강남구 경력3년↑ 학력무관 정규직,서울강남구 | 경력3년↑ | 학력무관 | 정규직,"데이터엔지니어, 데이터분석가, 데이터시각화, 데이터마이닝, 데이터라벨링","데이터엔지니어, 데이터분석가, 데이터시각화, 데이터마이닝, 데이터라벨링",채용시,입사지원,"(주)더블다운인터액티브, 데이터 분석가 (경력), 경력:경력 3년 이상, 학력:학력무관, 면접 후 결정, 마감일:채용시, 홈페이지:https://www.doubledowninteractive.co.kr/",https://www.saramin.co.kr/zf_user/jobs/relay/view?view_type=search&rec_idx=51877845&location=ts&searchword=%EB%8D%B0%EC%9D%B4%ED%84%B0+%EB%B6%84%EC%84%9D%EA%B0%80&searchType=search&paid_fl=n&search_uuid=0a9ce219-cc76-439b-addc-b76a99650aa5,2025-11-11T06:47:20.653251
52243047,맨데이터(주)데이터 분석가채용,맨데이터(주),경력3년↑,대졸↑,서울영등포구 경력3년↑ 대졸↑ 정규직,서울영등포구 | 경력3년↑ | 대졸↑ | 정규직,"데이터분석가, 데이터시각화, 데이터 사이언티스트, 데이터분석, Python","데이터분석가, 데이터시각화, 데이터 사이언티스트, 데이터분석, Python",~ 12/06(토),입사지원,"맨데이터(주), 맨데이터(주) 데이터 분석가 채용, 경력:경력 3년 이상, 학력:대학교졸업(4년)이상, 면접 후 결정, 마감일:2025-12-06, 홈페이지:www.mandata.kr",https://www.saramin.co.kr/zf_user/jobs/relay/view?view_type=search&rec_idx=52243047&location=ts&searchword=%EB%8D%B0%EC%9D%B4%ED%84%B0+%EB%B6%84%EC%84%9D%EA%B0%80&searchType=search&paid_fl=n&search_uuid=0a9ce219-cc76-439b-addc-b76a99650aa5,2025-11-11T06:47:20.655888
52273085,데이터 분석가,(주)콜로세움코퍼레이션,경력 2~10년,고졸↑,서울강남구 경력 2~10년 고졸↑ 정규직,서울강남구 | 경력 2~10년 | 고졸↑ | 정규직,"데이터엔지니어, 빅데이터, 창고·보관","데이터엔지니어, 빅데이터, 창고·보관",~ 12/10(수),입사지원,"(주)콜로세움코퍼레이션, 데이터 분석가, 경력:경력 2~10년, 학력:고등학교졸업이상, 회사내규에 따름, 마감일:2025-12-10, 홈페이지:https://colosseum.kr/",https://www.saramin.co.kr/zf_user/jobs/relay/view?view_type=search&rec_idx=52273085&location=ts&searchword=%EB%8D%B0%EC%9D%B4%ED%84%B0+%EB%B6%84%EC%84%9D%EA%B0%80&searchType=search&paid_fl=n&search_uuid=0a9ce219-cc76-439b-addc-b76a99650aa5,2025-11-11T06:47:20.658301
52187965,데이터 분석가과정 퍼실리테이터 (프로젝트 가이드),(주)모두의연구소,경력3년↑,초대졸↑,서울강남구 경력3년↑ 초대졸↑ 정규직,서울강남구 | 경력3년↑ | 초대졸↑ | 정규직,"데이터엔지니어, 데이터분석가, 데이터 사이언티스트, AI(인공지능), Python","데이터엔지니어, 데이터분석가, 데이터 사이언티스트, AI(인공지능), Python",채용시,입사지원,"(주)모두의연구소, 데이터 분석가 과정 퍼실리테이터 (프로젝트 가이드), 경력:경력 3년 이상, 학력:대학졸업(2,3년)이상, 면접 후 결정, 마감일:채용시, 홈페이지:modulabs.co.kr",https://www.saramin.co.kr/zf_user/jobs/relay/view?view_type=search&rec_idx=52187965&location=ts&searchword=%EB%8D%B0%EC%9D%B4%ED%84%B0+%EB%B6%84%EC%84%9D%EA%B0%80&searchType=search&paid_fl=n&search_uuid=0a9ce219-cc76-439b-addc-b76a99650aa5,2025-11-11T06:47:20.660821
52240444,데이터 분석가과정 퍼실리테이터 (계약직),(주)모두의연구소,경력1년↑,초대졸↑,서울강남구 경력1년↑ 초대졸↑ 계약직,서울강남구 | 경력1년↑ | 초대졸↑ | 계약직,"데이터엔지니어, 데이터분석가, 데이터 사이언티스트, AI(인공지능), Python","데이터엔지니어, 데이터분석가, 데이터 사이언티스트, AI(인공지능), Python",채용시,입사지원,"(주)모두의연구소, 데이터 분석가 과정 퍼실리테이터 (계약직), 경력:경력 1년 이상, 학력:대학졸업(2,3년)이상, 면접 후 결정, 마감일:채용시, 홈페이지:modulabs.co.kr",https://www.saramin.co.kr/zf_user/jobs/relay/view?view_type=search&rec_idx=52240444&location=ts&searchword=%EB%8D%B0%EC%9D%B4%ED%84%B0+%EB%B6%84%EC%84%9D%EA%B0%80&searchType=search&paid_fl=n&search_uuid=0a9ce219-cc76-439b-addc-b76a99650aa5,2025-11-11T06:47:20.663403
52258123,[스타트업] Business Analyst :: 비즈니스데이터 분석가(경력),(주)노테린다스,경력2년↑,대졸↑,서울광진구 경력2년↑ 대졸↑ 정규직,서울광진구 | 경력2년↑ | 대졸↑ | 정규직,"데이터분석가, 음식료, 식품·푸드, 일식당, 횟집·초밥·스시","데이터분석가, 음식료, 식품·푸드, 일식당, 횟집·초밥·스시",상시채용,입사지원,"(주)노테린다스, [스타트업] Business Analyst :: 비즈니스 데이터 분석가 (경력), 경력:경력 2년 이상, 학력:대학교졸업(4년)이상, 면접 후 결정, 마감일:상시채용, 홈페이지:https://be-around.com/",https://www.saramin.co.kr/zf_user/jobs/relay/view?view_type=search&rec_idx=52258123&location=ts&searchword=%EB%8D%B0%EC%9D%B4%ED%84%B0+%EB%B6%84%EC%84%9D%EA%B0%80&searchType=search&paid_fl=n&search_uuid=0a9ce219-cc76-439b-addc-b76a99650aa5,2025-11-11T06:47:20.665968
52257201,[게임업계최상위] 게임데이터 분석가(경력),주식회사 지니어스,경력 7~12년,대졸↑,경기성남시 분당구 경력 7~12년 대졸↑ 정규직,경기성남시 분당구 | 경력 7~12년 | 대졸↑ | 정규직,"데이터엔지니어, 데이터분석가, 데이터시각화, 데이터마이닝, RDBMS","데이터엔지니어, 데이터분석가, 데이터시각화, 데이터마이닝, RDBMS",채용시,입사지원,"주식회사 지니어스, [게임업계최상위] 게임 데이터 분석가 (경력), 경력:경력 7~12년, 학력:대학교졸업(4년)이상, 면접 후 결정, 마감일:채용시, 홈페이지:",https://www.saramin.co.kr/zf_user/jobs/relay/view?view_type=search&rec_idx=52257201&location=ts&searchword=%EB%8D%B0%EC%9D%B4%ED%84%B0+%EB%B6%84%EC%84%9D%EA%B0%80&searchType=search&paid_fl=n&search_uuid=0a9ce219-cc76-439b-addc-b76a99650aa5,2025-11-11T06:47:20.668335
52260161,[대기업계열사/마케팅에이전시] 디지털데이터 분석가,주식회사 지니어스,경력 3~7년,대졸↑,서울강남구 경력 3~7년 대졸↑ 정규직,서울강남구 | 경력 3~7년 | 대졸↑ | 정규직,"데이터분석가, 데이터라벨링, 데이터분석, Python, SQL","데이터분석가, 데이터라벨링, 데이터분석, Python, SQL",채용시,입사지원,"주식회사 지니어스, [대기업계열사/마케팅에이전시] 디지털 데이터 분석가, 경력:경력 3~7년, 학력:대학교졸업(4년)이상, 면접 후 결정, 마감일:채용시, 홈페이지:",https://www.saramin.co.kr/zf_user/jobs/relay/view?view_type=search&rec_idx=52260161&location=ts&searchword=%EB%8D%B0%EC%9D%B4%ED%84%B0+%EB%B6%84%EC%84%9D%EA%B0%80&searchType=search&paid_fl=n&search_uuid=0a9ce219-cc76-439b-addc-b76a99650aa5,2025-11-11T06:47:20.670837
52205391,[그루비 SaaS 솔루션]데이터 분석가,(주)플래티어,경력 5~20년,대졸↑,서울송파구 경력 5~20년 대졸↑ 정규직,서울송파구 | 경력 5~20년 | 대졸↑ | 정규직,"프론트엔드, AWS, GCP, 소프트웨어개발","프론트엔드, AWS, GCP, 소프트웨어개발",~ 12/02(화),입사지원,"(주)플래티어, [그루비 SaaS 솔루션] 데이터 분석가, 경력:경력 5~20년, 학력:대학교졸업(4년)이상, 회사내규에 따름, 마감일:2025-12-02, 홈페이지:www.plateer.com",https://www.saramin.co.kr/zf_user/jobs/relay/view?view_type=search&rec_idx=52205391&location=ts&searchword=%EB%8D%B0%EC%9D%B4%ED%84%B0+%EB%B6%84%EC%84%9D%EA%B0%80&searchType=search&paid_fl=n&search_uuid=0a9ce219-cc76-439b-addc-b76a99650aa5,2025-11-11T06:47:20.673365
51969466,[코스닥/GTX킨텍스역] AI데이터 분석가채용,(주)뉴엔에이아이,경력4년↑,대졸↑,경기고양시 일산서구 경력4년↑ 대졸↑ 정규직,경기고양시 일산서구 | 경력4년↑ | 대졸↑ | 정규직,"데이터엔지니어, 데이터분석가, 데이터 사이언티스트, 데이터분석, AI(인공지능)","데이터엔지니어, 데이터분석가, 데이터 사이언티스트, 데이터분석, AI(인공지능)",~ 12/01(월),입사지원,"(주)뉴엔에이아이, [코스닥/GTX킨텍스역] AI 데이터 분석가 채용, 경력:경력 4년 이상, 학력:대학교졸업(4년)이상, 면접 후 결정, 마감일:2025-12-01, 홈페이지:https://www.newen.ai",https://www.saramin.co.kr/zf_user/jobs/relay/view?view_type=search&rec_idx=51969466&location=ts&searchword=%EB%8D%B0%EC%9D%B4%ED%84%B0+%EB%B6%84%EC%84%9D%EA%B0%80&searchType=search&paid_fl=n&search_uuid=0a9ce219-cc76-439b-addc-b76a99650aa5,2025-11-11T06:47:20.675987
52117467,[주4.5일제] 글로벌광고대행사 dentsu그룹 GA4데이터 분석가,(주)덴츠크리에이티브코리아,경력4년↑,대졸↑,서울강남구 경력4년↑ 대졸↑ 정규직,서울강남구 | 경력4년↑ | 대졸↑ | 정규직,"데이터분석가, 광고대행사","데이터분석가, 광고대행사",~ 11/22(토),입사지원,"(주)덴츠크리에이티브코리아, [주4.5일제] 글로벌광고대행사 dentsu그룹 GA4 데이터 분석가, 경력:경력 4년 이상, 학력:대학교졸업(4년)이상, 면접 후 결정, 마감일:2025-11-22, 홈페이지:https://www.dentsucreative.com/ko/location/korea",https://www.saramin.co.kr/zf_user/jobs/relay/view?view_type=search&rec_idx=52117467&location=ts&searchword=%EB%8D%B0%EC%9D%B4%ED%84%B0+%EB%B6%84%EC%84%9D%EA%B0%80&searchType=search&paid_fl=n&search_uuid=0a9ce219-cc76-439b-addc-b76a99650aa5,2025-11-11T06:47:20.678678
51922704,[(주)딜리셔스 신상마켓]데이터 분석가,(주)딜리셔스,경력5년↑,학력무관,서울종로구 경력5년↑ 학력무관 정규직,서울종로구 | 경력5년↑ | 학력무관 | 정규직,"데이터분석가, 전자상거래, 쇼핑몰, B2B, 오픈마켓","데이터분석가, 전자상거래, 쇼핑몰, B2B, 오픈마켓",~ 11/24(월),입사지원,"(주)딜리셔스, [(주)딜리셔스 신상마켓] 데이터 분석가, 경력:경력 5년 이상, 학력:학력무관, 면접 후 결정, 마감일:2025-11-24, 홈페이지:dealicious.kr",https://www.saramin.co.kr/zf_user/jobs/relay/view?view_type=search&rec_idx=51922704&location=ts&searchword=%EB%8D%B0%EC%9D%B4%ED%84%B0+%EB%B6%84%EC%84%9D%EA%B0%80&searchType=search&paid_fl=n&search_uuid=0a9ce219-cc76-439b-addc-b76a99650aa5,2025-11-11T06:47:20.681278
52207505,[유명게임사] 게임데이터분석가,(주)헬로서치,경력7년↑,대졸↑,경기성남시 분당구 경력7년↑ 대졸↑ 정규직,경기성남시 분당구 | 경력7년↑ | 대졸↑ | 정규직,"데이터분석가, 게임개발","데이터분석가, 게임개발",~ 11/18(화),입사지원,"(주)헬로서치, [유명게임사] 게임데이터분석가, 경력:경력 7년 이상, 학력:대학교졸업(4년)이상, 면접 후 결정, 마감일:2025-11-18, 홈페이지:www.hellosearch.co.kr/",https://www.saramin.co.kr/zf_user/jobs/relay/view?view_type=search&rec_idx=52207505&location=ts&searchword=%EB%8D%B0%EC%9D%B4%ED%84%B0+%EB%B6%84%EC%84%9D%EA%B0%80&searchType=search&paid_fl=n&search_uuid=0a9ce219-cc76-439b-addc-b76a99650aa5,2025-11-11T06:47:20.683567
52266737,[서울/대기업 광고대행사]데이터 분석가,(주)탑앤스카우트,경력 3~7년,대졸↑,서울강남구 경력 3~7년 대졸↑ 정규직,서울강남구 | 경력 3~7년 | 대졸↑ | 정규직,"데이터분석가, 데이터분석, 디지털마케팅, 헤드헌팅","데이터분석가, 데이터분석, 디지털마케팅, 헤드헌팅",~ 11/25(화),입사지원,"(주)탑앤스카우트, [서울/대기업 광고대행사] 데이터 분석가, 경력:경력 3~7년, 학력:대학교졸업(4년)이상, 면접 후 결정, 마감일:2025-11-25, 홈페이지:http://www.topnscout.com",https://www.saramin.co.kr/zf_user/jobs/relay/view?view_type=search&rec_idx=52266737&location=ts&searchword=%EB%8D%B0%EC%9D%B4%ED%84%B0+%EB%B6%84%EC%84%9D%EA%B0%80&searchType=search&paid_fl=n&search_uuid=0a9ce219-cc76-439b-addc-b76a99650aa5,2025-11-11T06:47:20.686024
52249720,(MNCs)데이터 분석가,제이앤피에이치알컨설팅,경력 2~8년,초대졸↑,서울강남구 경력 2~8년 초대졸↑ 정규직,서울강남구 | 경력 2~8년 | 초대졸↑ | 정규직,"데이터분석가, 데이터 사이언티스트, Python, SQL, R","데이터분석가, 데이터 사이언티스트, Python, SQL, R",~ 11/22(토),입사지원,"제이앤피에이치알컨설팅, (MNCs) 데이터 분석가, 경력:경력 2~8년, 학력:대학졸업(2,3년)이상, 면접 후 결정, 마감일:2025-11-22, 홈페이지:www.jnphr.com",https://www.saramin.co.kr/zf_user/jobs/relay/view?view_type=search&rec_idx=52249720&location=ts&searchword=%EB%8D%B0%EC%9D%B4%ED%84%B0+%EB%B6%84%EC%84%9D%EA%B0%80&searchType=search&paid_fl=n&search_uuid=0a9ce219-cc76-439b-addc-b76a99650aa5,2025-11-11T06:47:20.688461
52111730,[기어세컨드]데이터 분석가채용,(주)기어세컨드,경력 2~10년,학력무관,서울마포구 경력 2~10년 학력무관 정규직,서울마포구 | 경력 2~10년 | 학력무관 | 정규직,"데이터엔지니어, 데이터분석가, 데이터시각화, 데이터 사이언티스트, 빅데이터","데이터엔지니어, 데이터분석가, 데이터시각화, 데이터 사이언티스트, 빅데이터",채용시,홈페이지 지원,"(주)기어세컨드, [기어세컨드] 데이터 분석가 채용, 경력:경력 2~10년, 학력:학력무관, 면접 후 결정, 마감일:채용시, 홈페이지:http://gear2.net/",https://www.saramin.co.kr/zf_user/jobs/relay/view?view_type=search&rec_idx=52111730&location=ts&searchword=%EB%8D%B0%EC%9D%B4%ED%84%B0+%EB%B6%84%EC%84%9D%EA%B0%80&searchType=search&paid_fl=n&search_uuid=0a9ce219-cc76-439b-addc-b76a99650aa5,2025-11-11T06:47:20.690818
52242513,데이터/신호 분석가 채용,(주)코아칩스,신입·경력,석사↑,경기수원시 신입·경력 석사↑ 정규직,경기수원시 | 신입·경력 | 석사↑ | 정규직,"연구원, R&D, 기술연구, 전자파, 전기설계","연구원, R&D, 기술연구, 전자파, 전기설계",~ 12/06(토),입사지원,"(주)코아칩스, 데이터/신호 분석가 채용, 경력:신입/경력, 학력:석사졸업이상, 회사내규에 따름, 마감일:2025-12-06, 홈페이지:http://www.corechips.co.kr",https://www.saramin.co.kr/zf_user/jobs/relay/view?view_type=search&rec_idx=52242513&location=ts&searchword=%EB%8D%B0%EC%9D%B4%ED%84%B0+%EB%B6%84%EC%84%9D%EA%B0%80&searchType=search&paid_fl=n&search_uuid=0a9ce219-cc76-439b-addc-b76a99650aa5,2025-11-11T06:47:20.693315
52264526,"(철도/교통/인공지능분야) 비전, 정형 데이터분석,개발 AI연구원",(주)블루시그널,경력 2~5년,대졸↑,대전유성구 경력 2~5년 대졸↑ 정규직,대전유성구 | 경력 2~5년 | 대졸↑ | 정규직,"AI(인공지능), AI(인공지능), 소프트웨어개발","AI(인공지능), AI(인공지능), 소프트웨어개발",~ 12/10(수),입사지원,"(주)블루시그널, (철도/교통/인공지능분야) 비전, 정형 데이터분석,개발 AI연구원, 경력:경력 2~5년, 학력:대학교졸업(4년)이상, 면접 후 결정, 마감일:2025-12-10, 홈페이지:www.bluesignal.ai",https://www.saramin.co.kr/zf_user/jobs/relay/view?view_type=search&rec_idx=52264526&location=ts&searchword=%EB%8D%B0%EC%9D%B4%ED%84%B0+%EB%B6%84%EC%84%9D%EA%B0%80&searchType=search&paid_fl=n&search_uuid=0a9ce219-cc76-439b-addc-b76a99650aa5,2025-11-11T06:47:20.695858
52267526,AI 기반 DATA-DRIVEN 분석가 실무과정 모집,(주)핀인사이트,경력무관,학력무관,서울은평구 경력무관 학력무관 교육생,서울은평구 | 경력무관 | 학력무관 | 교육생,"데이터엔지니어, 데이터분석가, 데이터시각화, 데이터마이닝, 데이터라벨링","데이터엔지니어, 데이터분석가, 데이터시각화, 데이터마이닝, 데이터라벨링",~ 12/07(일),홈페이지 지원,"(주)핀인사이트, AI 기반 DATA-DRIVEN 분석가 실무과정 모집, 경력:경력무관, 학력:학력무관, 면접 후 결정, 마감일:2025-12-07, 홈페이지:",https://www.saramin.co.kr/zf_user/jobs/relay/view?view_type=search&rec_idx=52267526&location=ts&searchword=%EB%8D%B0%EC%9D%B4%ED%84%B0+%EB%B6%84%EC%84%9D%EA%B0%80&searchType=search&paid_fl=n&search_uuid=0a9ce219-cc76-439b-addc-b76a99650aa5,2025-11-11T06:47:20.698502
52276173,[정규직] 데이터분석 및 사업관리 연구원(신입~팀장) 모집,(주)유니드,경력무관,대졸↑,경남진주시 경력무관 대졸↑ 정규직,경남진주시 | 경력무관 | 대졸↑ | 정규직,"기획, 웹에이전시, 웹프로덕션","기획, 웹에이전시, 웹프로덕션",~ 12/11(목),입사지원,"(주)유니드, [정규직] 데이터분석 및 사업관리 연구원(신입~팀장) 모집, 경력:경력무관, 학력:대학교졸업(4년)이상, 면접 후 결정, 마감일:2025-12-11, 홈페이지:www.unids.kr",https://www.saramin.co.kr/zf_user/jobs/relay/view?view_type=search&rec_idx=52276173&location=ts&searchword=%EB%8D%B0%EC%9D%B4%ED%84%B0+%EB%B6%84%EC%84%9D%EA%B0%80&searchType=search&paid_fl=n&search_uuid=0a9ce219-cc76-439b-addc-b76a99650aa5,2025-11-11T06:47:20.701049
52239525,HR 데이터분석 보조연구원 (계약직),(주)무하유,경력무관,석사↑,서울성동구 경력무관 석사↑ 계약직,서울성동구 | 경력무관 | 석사↑ | 계약직,"마케팅, 솔루션업체","마케팅, 솔루션업체",~ 12/06(토),입사지원,"(주)무하유, HR 데이터분석 보조연구원 (계약직), 경력:경력무관, 학력:석사졸업이상, 면접 후 결정, 마감일:2025-12-06, 홈페이지:www.muhayu.com",https://www.saramin.co.kr/zf_user/jobs/relay/view?view_type=search&rec_idx=52239525&location=ts&searchword=%EB%8D%B0%EC%9D%B4%ED%84%B0+%EB%B6%84%EC%84%9D%EA%B0%80&searchType=search&paid_fl=n&search_uuid=0a9ce219-cc76-439b-addc-b76a99650aa5,2025-11-11T06:47:20.703407
52206627,associate data분석가[계약직],프로페셔날핸즈인핸즈코리아(주),경력 2~5년,대졸↑,서울강남구 경력 2~5년 대졸↑ 정규직,서울강남구 | 경력 2~5년 | 대졸↑ | 정규직,"구매대행/소싱, 외자구매, 조달구매, 구매, 헤드헌팅","구매대행/소싱, 외자구매, 조달구매, 구매, 헤드헌팅",~ 11/18(화),입사지원,"프로페셔날핸즈인핸즈코리아(주), associate data분석가[계약직], 경력:경력 2~5년, 학력:대학교졸업(4년)이상, 면접 후 결정, 마감일:2025-11-18, 홈페이지:http://www.prohanzkorea.com",https://www.saramin.co.kr/zf_user/jobs/relay/view?view_type=search&rec_idx=52206627&location=ts&searchword=%EB%8D%B0%EC%9D%B4%ED%84%B0+%EB%B6%84%EC%84%9D%EA%B0%80&searchType=search&paid_fl=n&search_uuid=0a9ce219-cc76-439b-addc-b76a99650aa5,2025-11-11T06:47:20.705993
52145994,[3M] 한국쓰리엠 신입/경력사원 모집 안내,한국쓰리엠(주),신입·경력,대졸↑,서울영등포구 신입·경력 대졸↑ 정규직·계약직,서울영등포구 | 신입·경력 | 대졸↑ | 정규직·계약직,"데이터엔지니어, DBA, 데이터분석가, 데이터시각화, OracleDB","데이터엔지니어, DBA, 데이터분석가, 데이터시각화, OracleDB",~ 12/31(수),홈페이지 지원,"한국쓰리엠(주), [3M] 한국쓰리엠 신입/경력사원 모집 안내, 경력:신입/경력, 학력:대학교졸업(4년)이상, 면접 후 결정, 마감일:2025-12-31, 홈페이지:www.3m.co.kr",https://www.saramin.co.kr/zf_user/jobs/relay/view?view_type=search&rec_idx=52145994&location=ts&searchword=%EB%8D%B0%EC%9D%B4%ED%84%B0+%EB%B6%84%EC%84%9D%EA%B0%80&searchType=search&paid_fl=n&search_uuid=0a9ce219-cc76-439b-addc-b76a99650aa5,2025-11-11T06:47:20.708604
52229001,각 부문 신입/경력 채용,(주)위츠,신입·경력,대졸↑,경기수원시 영통구 신입·경력 대졸↑ 정규직·계약직,경기수원시 영통구 | 신입·경력 | 대졸↑ | 정규직·계약직,"데이터시각화, 자료입력, 데이터마이닝, 데이터라벨링, 빅데이터","데이터시각화, 자료입력, 데이터마이닝, 데이터라벨링, 빅데이터",~ 11/14(금),입사지원,"(주)위츠, 각 부문 신입/경력 채용, 경력:신입/경력, 학력:대학교졸업(4년)이상, 면접 후 결정, 마감일:2025-11-14, 홈페이지:www.ewits.co.kr/kr/",https://www.saramin.co.kr/zf_user/jobs/relay/view?view_type=search&rec_idx=52229001&location=ts&searchword=%EB%8D%B0%EC%9D%B4%ED%84%B0+%EB%B6%84%EC%84%9D%EA%B0%80&searchType=search&paid_fl=n&search_uuid=0a9ce219-cc76-439b-addc-b76a99650aa5,2025-11-11T06:47:20.711334
52214301,㈜우진플라임 부문별 인재채용,(주)우진플라임,신입·경력,학력무관,충북보은군 신입·경력 학력무관 정규직,충북보은군 | 신입·경력 | 학력무관 | 정규직,"데이터분석가, OracleDB, 데이터분석, 백엔드/서버개발, 유지보수","데이터분석가, OracleDB, 데이터분석, 백엔드/서버개발, 유지보수",~ 11/30(일),입사지원,"(주)우진플라임, ㈜우진플라임 부문별 인재채용, 경력:신입/경력, 학력:학력무관, 면접 후 결정, 마감일:2025-11-30, 홈페이지:https://woojinplaimm.com/",https://www.saramin.co.kr/zf_user/jobs/relay/view?view_type=search&rec_idx=52214301&location=ts&searchword=%EB%8D%B0%EC%9D%B4%ED%84%B0+%EB%B6%84%EC%84%9D%EA%B0%80&searchType=search&paid_fl=n&search_uuid=0a9ce219-cc76-439b-addc-b76a99650aa5,2025-11-11T06:47:20.713949
52207708,금호타이어 수시채용(구매/영업/컴파운드개발/전기안전/품질),금호타이어(주),신입·경력,초대졸↑,서울종로구 신입·경력 초대졸↑ 정규직,서울종로구 | 신입·경력 | 초대졸↑ | 정규직,"자료입력, 데이터분석, SE(시스템엔지니어), 웹개발, 사무보조","자료입력, 데이터분석, SE(시스템엔지니어), 웹개발, 사무보조",~ 11/13(목),홈페이지 지원,"금호타이어(주), 금호타이어 수시채용(구매/영업/컴파운드개발/전기안전/품질), 경력:신입/경력, 학력:대학졸업(2,3년)이상, 면접 후 결정, 마감일:2025-11-13, 홈페이지:www.kumhotire.co.kr",https://www.saramin.co.kr/zf_user/jobs/relay/view?view_type=search&rec_idx=52207708&location=ts&searchword=%EB%8D%B0%EC%9D%B4%ED%84%B0+%EB%B6%84%EC%84%9D%EA%B0%80&searchType=search&paid_fl=n&search_uuid=0a9ce219-cc76-439b-addc-b76a99650aa5,2025-11-11T06:47:20.716763
52261951,2025년 11월 테크윙 각 부문 채용,(주)테크윙,신입·경력,고졸↑,충남아산시 신입·경력 고졸↑ 정규직,충남아산시 | 신입·경력 | 고졸↑ | 정규직,"RDBMS, 빅데이터, 유지보수, C#, 총무","RDBMS, 빅데이터, 유지보수, C#, 총무",~ 11/24(월),홈페이지 지원,"(주)테크윙, 2025년 11월 테크윙 각 부문 채용, 경력:신입/경력, 학력:고등학교졸업이상, 면접 후 결정, 마감일:2025-11-24, 홈페이지:www.techwing.co.kr",https://www.saramin.co.kr/zf_user/jobs/relay/view?view_type=search&rec_idx=52261951&location=ts&searchword=%EB%8D%B0%EC%9D%B4%ED%84%B0+%EB%B6%84%EC%84%9D%EA%B0%80&searchType=search&paid_fl=n&search_uuid=0a9ce219-cc76-439b-addc-b76a99650aa5,2025-11-11T06:47:20.719581
52189491,2025년 11월 한미그룹 수시채용 [각 부문별],한미약품(주),신입·경력,고졸↑,서울송파구 신입·경력 고졸↑ 정규직·계약직,서울송파구 | 신입·경력 | 고졸↑ | 정규직·계약직,"백엔드/서버개발, 문서작성, 사업기획, 사업관리, 신사업기획","백엔드/서버개발, 문서작성, 사업기획, 사업관리, 신사업기획",~ 11/16(일),홈페이지 지원,"한미약품(주), 2025년 11월 한미그룹 수시채용 [각 부문별], 경력:신입/경력, 학력:고등학교졸업이상, 면접 후 결정, 마감일:2025-11-16, 홈페이지:www.hanmi.co.kr",https://www.saramin.co.kr/zf_user/jobs/relay/view?view_type=search&rec_idx=52189491&location=ts&searchword=%EB%8D%B0%EC%9D%B4%ED%84%B0+%EB%B6%84%EC%84%9D%EA%B0%80&searchType=search&paid_fl=n&search_uuid=0a9ce219-cc76-439b-addc-b76a99650aa5,2025-11-11T06:47:20.722359
52249800,26년 상반기 임용 공개채용,국방과학연구소,신입·경력,학력무관,대전전체 신입·경력 학력무관 정규직·기간제,대전전체 | 신입·경력 | 학력무관 | 정규직·기간제,"데이터엔지니어, 빅데이터, 백엔드/서버개발, SE(시스템엔지니어), AI(인공지능)","데이터엔지니어, 빅데이터, 백엔드/서버개발, SE(시스템엔지니어), AI(인공지능)",~ 11/24(월),홈페이지 지원,"국방과학연구소, 26년 상반기 임용 공개채용, 경력:신입/경력, 학력:학력무관, 회사내규에 따름, 마감일:2025-11-24, 홈페이지:www.add.re.kr",https://www.saramin.co.kr/zf_user/jobs/relay/view?view_type=search&rec_idx=52249800&location=ts&searchword=%EB%8D%B0%EC%9D%B4%ED%84%B0+%EB%B6%84%EC%84%9D%EA%B0%80&searchType=search&paid_fl=n&search_uuid=0a9ce219-cc76-439b-addc-b76a99650aa5,2025-11-11T06:47:20.725125
52191562,각 부문 신입/경력 채용,파크시스템스(주),신입·경력,학력무관,경기수원시 영통구 신입·경력 학력무관 정규직,경기수원시 영통구 | 신입·경력 | 학력무관 | 정규직,"데이터엔지니어, 데이터분석, 백엔드/서버개발, SE(시스템엔지니어), Python","데이터엔지니어, 데이터분석, 백엔드/서버개발, SE(시스템엔지니어), Python",~ 11/16(일),입사지원,"파크시스템스(주), 각 부문 신입/경력 채용, 경력:신입/경력, 학력:학력무관, 면접 후 결정, 마감일:2025-11-16, 홈페이지:www.parksystems.com",https://www.saramin.co.kr/zf_user/jobs/relay/view?view_type=search&rec_idx=52191562&location=ts&searchword=%EB%8D%B0%EC%9D%B4%ED%84%B0+%EB%B6%84%EC%84%9D%EA%B0%80&searchType=search&paid_fl=n&search_uuid=0a9ce219-cc76-439b-addc-b76a99650aa5,2025-11-11T06:47:20.727829
52267969,"대상㈜ 25년 11,12월 연구직무 신입/경력 모집",대상(주),신입·경력,대졸↑,서울강서구 신입·경력 대졸↑ 정규직,서울강서구 | 신입·경력 | 대졸↑ | 정규직,"정보보안, 정보통신, 더존, 기업회계, 부가세신고","정보보안, 정보통신, 더존, 기업회계, 부가세신고",~ 11/23(일),홈페이지 지원,"대상(주), 대상㈜ 25년 11,12월 연구직무 신입/경력 모집, 경력:신입/경력, 학력:대학교졸업(4년)이상, 면접 후 결정, 마감일:2025-11-23, 홈페이지:www.daesang.com",https://www.saramin.co.kr/zf_user/jobs/relay/view?view_type=search&rec_idx=52267969&location=ts&searchword=%EB%8D%B0%EC%9D%B4%ED%84%B0+%EB%B6%84%EC%84%9D%EA%B0%80&searchType=search&paid_fl=n&search_uuid=0a9ce219-cc76-439b-addc-b76a99650aa5,2025-11-11T06:47:20.730636
